{"m": 6, "k": 3, "sigma_list": [2, 0, 1, 2, 0, 4, 5, 3, 2, 5, 5, 2, 3, 2, 5, 5, 2, 5, 2, 0, 1, 2, 0, 1, 5, 3, 2, 5, 3, 2, 3, 2, 5, 3, 2, 5, 0, 1, 2, 0, 1, 2, 3, 2, 5, 3, 2, 5, 2, 5, 3, 2, 5, 3, 0, 1, 2, 0, 1, 2, 3, 2, 5, 3, 2, 5, 2, 5, 3, 2, 5, 3, 1, 2, 0, 1, 2, 0, 2, 5, 3, 2, 5, 3, 5, 3, 2, 5, 3, 2, 1, 2, 0, 1, 2, 0, 2, 5, 3, 2, 5, 3, 5, 3, 2, 5, 3, 2, 2, 0, 1, 2, 0, 1, 5, 3, 2, 5, 3, 2, 3, 2, 5, 3, 2, 5, 2, 0, 1, 2, 0, 1, 5, 3, 2, 5, 3, 2, 3, 2, 5, 3, 2, 5, 0, 1, 2, 0, 1, 2, 3, 2, 5, 3, 2, 5, 2, 5, 3, 2, 5, 3, 0, 1, 2, 0, 1, 2, 3, 2, 5, 3, 2, 5, 2, 5, 3, 2, 5, 3, 1, 2, 0, 1, 2, 0, 2, 5, 3, 2, 5, 1, 5, 3, 2, 5, 3, 2, 1, 2, 0, 1, 2, 0, 2, 5, 3, 2, 5, 3, 5, 3, 2, 5, 3, 2], "stats": {"best": 7, "iters": 5000000, "elapsed": 34.89601198599985, "reheats": 44, "orbit_moves": 1999980, "orbit_successes": 0, "sigma_list": [2, 0, 1, 2, 0, 4, 5, 3, 2, 5, 5, 2, 3, 2, 5, 5, 2, 5, 2, 0, 1, 2, 0, 1, 5, 3, 2, 5, 3, 2, 3, 2, 5, 3, 2, 5, 0, 1, 2, 0, 1, 2, 3, 2, 5, 3, 2, 5, 2, 5, 3, 2, 5, 3, 0, 1, 2, 0, 1, 2, 3, 2, 5, 3, 2, 5, 2, 5, 3, 2, 5, 3, 1, 2, 0, 1, 2, 0, 2, 5, 3, 2, 5, 3, 5, 3, 2, 5, 3, 2, 1, 2, 0, 1, 2, 0, 2, 5, 3, 2, 5, 3, 5, 3, 2, 5, 3, 2, 2, 0, 1, 2, 0, 1, 5, 3, 2, 5, 3, 2, 3, 2, 5, 3, 2, 5, 2, 0, 1, 2, 0, 1, 5, 3, 2, 5, 3, 2, 3, 2, 5, 3, 2, 5, 0, 1, 2, 0, 1, 2, 3, 2, 5, 3, 2, 5, 2, 5, 3, 2, 5, 3, 0, 1, 2, 0, 1, 2, 3, 2, 5, 3, 2, 5, 2, 5, 3, 2, 5, 3, 1, 2, 0, 1, 2, 0, 2, 5, 3, 2, 5, 1, 5, 3, 2, 5, 3, 2, 1, 2, 0, 1, 2, 0, 2, 5, 3, 2, 5, 3, 5, 3, 2, 5, 3, 2]}, "timestamp": 1775058659.8711696}